REGION,COMUNA,NUMERO INCENDIOS ,PINO INSIGNE    0- 10 AÑOS,PINO INSIGNE    11- 17 AÑOS,PINO INSIGNE      18 O MAS,TOTAL PINO INSIGNE,EUCALIPTO,OTRAS SP.,TOTAL,ARBOLADO,MATORRAL,PASTIZAL,TOTAL.1,TOTAL  FORESTAL ,AGRICOLA,DESECHOS,TOTAL OTRAS SUPERFICIES,TOTAL SUPERFICIE AFECTADA
XV,ARICA,0.0,0.0,0.0,0.0,0.0,0.0,0.0,0.0,0.0,0.0,0.0,0.0,0.0,0.0,0.0,0.0,0.0
XV,CAMARONES,0.0,0.0,0.0,0.0,0.0,0.0,0.0,0.0,0.0,0.0,0.0,0.0,0.0,0.0,0.0,0.0,0.0
XV,PUTRE,0.0,0.0,0.0,0.0,0.0,0.0,0.0,0.0,0.0,0.0,0.0,0.0,0.0,0.0,0.0,0.0,0.0
XV,GENERALLAGOS,0.0,0.0,0.0,0.0,0.0,0.0,0.0,0.0,0.0,0.0,0.0,0.0,0.0,0.0,0.0,0.0,0.0
I,IQUIQUE,0.0,0.0,0.0,0.0,0.0,0.0,0.0,0.0,0.0,0.0,0.0,0.0,0.0,0.0,0.0,0.0,0.0
I,ALTOHOSPICIO,0.0,0.0,0.0,0.0,0.0,0.0,0.0,0.0,0.0,0.0,0.0,0.0,0.0,0.0,0.0,0.0,0.0
I,COLCHANE,0.0,0.0,0.0,0.0,0.0,0.0,0.0,0.0,0.0,0.0,0.0,0.0,0.0,0.0,0.0,0.0,0.0
I,HUARA,0.0,0.0,0.0,0.0,0.0,0.0,0.0,0.0,0.0,0.0,0.0,0.0,0.0,0.0,0.0,0.0,0.0
I,PICA,0.0,0.0,0.0,0.0,0.0,0.0,0.0,0.0,0.0,0.0,0.0,0.0,0.0,0.0,0.0,0.0,0.0
II,ANTOFAGASTA,0.0,0.0,0.0,0.0,0.0,0.0,0.0,0.0,0.0,0.0,0.0,0.0,0.0,0.0,0.0,0.0,0.0
II,MEJILLONES,0.0,0.0,0.0,0.0,0.0,0.0,0.0,0.0,0.0,0.0,0.0,0.0,0.0,0.0,0.0,0.0,0.0
II,SIERRAGORDA,0.0,0.0,0.0,0.0,0.0,0.0,0.0,0.0,0.0,0.0,0.0,0.0,0.0,0.0,0.0,0.0,0.0
II,TALTAL,0.0,0.0,0.0,0.0,0.0,0.0,0.0,0.0,0.0,0.0,0.0,0.0,0.0,0.0,0.0,0.0,0.0
II,CALAMA,0.0,0.0,0.0,0.0,0.0,0.0,0.0,0.0,0.0,0.0,0.0,0.0,0.0,0.0,0.0,0.0,0.0
II,OLLAGUE,0.0,0.0,0.0,0.0,0.0,0.0,0.0,0.0,0.0,0.0,0.0,0.0,0.0,0.0,0.0,0.0,0.0
II,SANPEDRODEATACAMA,0.0,0.0,0.0,0.0,0.0,0.0,0.0,0.0,0.0,0.0,0.0,0.0,0.0,0.0,0.0,0.0,0.0
II,TOCOPILLA,0.0,0.0,0.0,0.0,0.0,0.0,0.0,0.0,0.0,0.0,0.0,0.0,0.0,0.0,0.0,0.0,0.0
II,MARIAELENA,0.0,0.0,0.0,0.0,0.0,0.0,0.0,0.0,0.0,0.0,0.0,0.0,0.0,0.0,0.0,0.0,0.0
III,COPIAPÓ,1.0,0.0,0.0,0.0,0.0,0.0,0.53,0.53,0.67,0.0,0.43,1.1,1.63,0.00,0.00,0.00,1.63
III,CALDERA,0.0,0.0,0.0,0.0,0.0,0.0,0.0,0.0,0.0,0.0,0.0,0.0,0.0,0.0,0.0,0.0,0.0
III,TIERRAAMARILLA,0.0,0.0,0.0,0.0,0.0,0.0,0.0,0.0,0.0,0.0,0.0,0.0,0.0,0.0,0.0,0.0,0.0
III,CHAÑARAL,0.0,0.0,0.0,0.0,0.0,0.0,0.0,0.0,0.0,0.0,0.0,0.0,0.0,0.0,0.0,0.0,0.0
III,DIEGODEALMAGRO,0.0,0.0,0.0,0.0,0.0,0.0,0.0,0.0,0.0,0.0,0.0,0.0,0.0,0.0,0.0,0.0,0.0
III,VALLENAR,18.0,0.0,0.0,0.0,0.0,12.97,1.68,14.65,0.37,64.7,2.41,67.48,82.13,0.00,0.00,0.00,82.13
III,ALTODELCARMEN,1.0,0.0,0.0,0.0,0.0,0.8,1.6,2.4,6.8,8.3,0.0,15.1,17.50,0.00,0.00,0.00,17.50
III,FREIRINA,7.0,0.0,0.0,0.0,0.0,0.1,0.11,0.21,0.23,1.01,0.89,2.13,2.34,0.00,0.00,0.00,2.34
III,HUASCO,0.0,0.0,0.0,0.0,0.0,0.0,0.0,0.0,0.0,0.0,0.0,0.0,0.0,0.0,0.0,0.0,0.0
IV,ANDACOLLO,0.0,0.0,0.0,0.0,0.0,0.0,0.0,0.0,0.0,0.0,0.0,0.0,0.0,0.0,0.0,0.0,0.0
IV,COQUIMBO,21.0,0.0,0.0,0.0,0.0,7.41,0.01,7.42,0.11,2.27,3.1,5.48,12.90,0.00,0.01,0.01,12.90
IV,LAHIGUERA,0.0,0.0,0.0,0.0,0.0,0.0,0.0,0.0,0.0,0.0,0.0,0.0,0.0,0.0,0.0,0.0,0.0
IV,LASERENA,39.0,0.0,0.0,0.0,0.0,11.96,0.0,11.96,0.66,7.01,5.15,12.81,24.78,0.00,0.39,0.39,25.17
IV,PAIHUANO,0.0,0.0,0.0,0.0,0.0,0.0,0.0,0.0,0.0,0.0,0.0,0.0,0.0,0.0,0.0,0.0,0.0
IV,VICUNA,1.0,0.0,0.0,0.0,0.0,0.05,0.0,0.05,0.0,1.0,0.0,1.0,1.05,0.00,0.00,0.00,1.05
IV,COMBARBALA,0.0,0.0,0.0,0.0,0.0,0.0,0.0,0.0,0.0,0.0,0.0,0.0,0.0,0.0,0.0,0.0,0.0
IV,MONTEPATRIA,1.0,0.0,0.0,0.0,0.0,0.0,0.0,0.0,2.5,3.0,2.0,7.5,7.50,0.00,0.00,0.00,7.50
IV,OVALLE,29.0,0.0,0.0,0.0,0.0,30.25,0.3,30.55,30.85,30.93,20.93,82.71,113.26,0.00,1.00,1.00,114.26
IV,PUNITAQUI,0.0,0.0,0.0,0.0,0.0,0.0,0.0,0.0,0.0,0.0,0.0,0.0,0.0,0.0,0.0,0.0,0.0
IV,RIOHURTADO,0.0,0.0,0.0,0.0,0.0,0.0,0.0,0.0,0.0,0.0,0.0,0.0,0.0,0.0,0.0,0.0,0.0
IV,CANELA,0.0,0.0,0.0,0.0,0.0,0.0,0.0,0.0,0.0,0.0,0.0,0.0,0.0,0.0,0.0,0.0,0.0
IV,ILLAPEL,1.0,0.0,0.0,0.0,0.0,4.0,0.0,4.0,0.0,1.0,1.5,2.5,6.50,0.00,0.00,0.00,6.50
IV,LOSVILOS,3.0,0.0,0.0,0.0,0.0,0.0,0.0,0.0,0.3,14.7,6.0,21.0,21.00,0.00,0.00,0.00,21.00
IV,MINCHA,0.0,0.0,0.0,0.0,0.0,0.0,0.0,0.0,0.0,0.0,0.0,0.0,0.0,0.0,0.0,0.0,0.0
IV,SALAMANCA,1.0,0.0,0.0,0.0,0.0,0.0,0.0,0.0,0.1,0.0,0.5,0.6,0.60,0.00,0.00,0.00,0.60
V,CABILDO,5.0,0.0,0.0,0.0,0.0,0.0,0.0,0.0,5.18,14.45,6.77,26.4,26.40,0.00,0.00,0.00,26.40
V,LALIGUA,10.0,0.0,0.0,0.0,0.0,0.4,7.9,8.3,205.0,291.81,78.43,575.24,583.54,0.00,0.00,0.00,583.54
V,PAPUDO,8.0,0.0,0.0,0.0,0.0,0.03,0.0,0.03,6.7,2.06,7.36,16.12,16.15,0.00,0.30,0.30,16.45
V,PETORCA,1.0,0.0,0.0,0.0,0.0,0.0,0.0,0.0,0.0,0.0,2.0,2.0,2.00,0.00,0.00,0.00,2.00
V,ZAPALLAR,7.0,0.0,0.0,0.07,0.07,18.3,0.0,18.37,58.62,43.75,16.38,118.75,137.12,0.00,0.55,0.55,137.67
V,CALLELARGA,1.0,0.0,0.0,0.0,0.0,0.0,0.0,0.0,0.0,0.0,7.0,7.0,7.00,0.00,0.00,0.00,7.00
V,LOSANDES,1.0,0.0,0.0,0.0,0.0,0.0,0.0,0.0,0.0,0.6,0.5,1.1,1.10,0.00,0.00,0.00,1.10
V,RINCONADA,0.0,0.0,0.0,0.0,0.0,0.0,0.0,0.0,0.0,0.0,0.0,0.0,0.0,0.0,0.0,0.0,0.0
V,SANESTEBAN,0.0,0.0,0.0,0.0,0.0,0.0,0.0,0.0,0.0,0.0,0.0,0.0,0.0,0.0,0.0,0.0,0.0
V,CATEMU,7.0,0.0,0.0,0.0,0.0,0.3,0.0,0.3,0.6,2.45,1.92,4.97,5.27,0.00,0.00,0.00,5.27
V,LLAILLAY,4.0,0.0,0.0,0.0,0.0,0.0,0.0,0.0,0.0,9.08,4.1,13.18,13.18,0.10,0.00,0.10,13.28
V,PANQUEHUE,0.0,0.0,0.0,0.0,0.0,0.0,0.0,0.0,0.0,0.0,0.0,0.0,0.0,0.0,0.0,0.0,0.0
V,PUTAENDO,0.0,0.0,0.0,0.0,0.0,0.0,0.0,0.0,0.0,0.0,0.0,0.0,0.0,0.0,0.0,0.0,0.0
V,SANFELIPE,3.0,0.0,0.0,0.0,0.0,0.0,0.0,0.0,272.33,462.74,27.62,762.69,762.69,0.00,0.00,0.00,762.69
V,SANTAMARIA,0.0,0.0,0.0,0.0,0.0,0.0,0.0,0.0,0.0,0.0,0.0,0.0,0.0,0.0,0.0,0.0,0.0
V,HIJUELAS,6.0,0.0,0.0,0.0,0.0,0.14,0.0,0.14,1.42,1.68,2.32,5.42,5.56,0.00,0.00,0.00,5.56
V,CALERA,12.0,0.0,0.0,0.0,0.0,1.0,0.0,1.0,0.0,3.06,6.03,9.09,10.09,0.00,0.60,0.60,10.69
V,LACRUZ,9.0,0.0,0.0,0.0,0.0,0.21,0.18,0.39,0.0,3.06,8.3,11.36,11.75,0.00,0.08,0.08,11.83
V,LIMACHE,40.0,0.0,0.0,0.0,0.0,6.23,0.0,6.23,26.58,111.28,146.37,284.23,290.46,0.00,1.56,1.56,292.02
V,NOGALES,3.0,0.0,0.0,0.0,0.0,0.0,0.0,0.0,0.4,5.37,8.46,14.23,14.23,0.00,0.00,0.00,14.23
V,OLMUE,10.0,0.0,0.0,0.0,0.0,1.5,0.0,1.5,0.0,2.75,0.84,3.59,5.09,0.00,0.00,0.00,5.09
V,QUILLOTA,34.0,0.0,0.0,0.0,0.0,0.0,0.0,0.0,0.1,9.17,25.34,34.61,34.61,0.00,0.19,0.19,34.80
V,CASABLANCA,19.0,0.56,0.0,0.0,0.56,1.88,5.0,7.44,30.0,77.35,49.28,156.63,164.07,0.37,0.00,0.37,164.44
V,CONCON,13.0,0.39,0.0,0.0,0.39,2.01,0.0,2.4,0.0,3.7,5.31,9.01,11.41,0.00,0.00,0.00,11.41
V,PUCHUNCAVI,21.0,0.0,0.0,0.0,0.0,12.6,0.98,13.58,7.05,117.88,169.72,294.65,308.23,0.00,0.34,0.34,308.57
V,QUILPUE,65.0,0.0,0.0,0.0,0.0,13.88,0.0,13.88,2.71,59.34,49.02,111.07,124.95,0.00,0.43,0.43,125.38
V,QUINTERO,15.0,0.37,3.1,0.0,3.47,1.0,0.0,4.47,0.0,13.45,64.71,78.16,82.63,0.00,0.00,0.00,82.63
V,VALPARAISO,142.0,0.14,0.84,0.86,1.84,6.33,0.0,8.17,0.36,3.92,11.49,15.77,23.94,0.00,1.70,1.70,25.64
V,VILLAALEMANA,106.0,0.0,0.0,0.61,0.61,4.94,0.0,5.55,11.89,84.47,153.64,250.0,255.55,0.00,0.60,0.60,256.15
V,VINADELMAR,57.0,0.01,0.03,0.0,0.04,1.06,0.0,1.1,0.85,5.83,9.33,16.01,17.11,0.00,0.02,0.02,17.13
V,JUANFERNANDEZ,0.0,0.0,0.0,0.0,0.0,0.0,0.0,0.0,0.0,0.0,0.0,0.0,0.0,0.0,0.0,0.0,0.0
V,ALGARROBO,5.0,0.0,0.0,0.0,0.0,1.3,0.0,1.3,0.0,0.73,1.38,2.11,3.41,0.00,0.00,0.00,3.41
V,CARTAGENA,31.0,0.0,0.1,0.0,0.1,4.47,0.0,4.57,7.8,7.37,45.7,60.87,65.44,0.00,1.12,1.12,66.56
V,ELQUISCO,6.0,0.0,0.1,0.02,0.12,0.6,0.0,0.72,0.0,0.2,1.43,1.63,2.35,0.00,1.50,1.50,3.85
V,ELTABO,8.0,0.0,0.44,0.1,0.54,7.4,0.0,7.94,0.0,0.14,5.73,5.87,13.81,0.00,0.00,0.00,13.81
V,SANANTONIO,80.0,0.7,0.7,0.0,1.4,30.32,0.0,31.72,33.48,49.01,279.24,361.73,393.45,0.00,0.86,0.86,394.31
V,SANTODOMINGO,14.0,0.0,1.2,0.0,1.2,2.06,0.0,3.26,120.48,103.25,80.17,303.9,307.16,0.00,0.14,0.14,307.30
V,ISLADEPASCUA,17.0,0.0,0.0,0.0,0.0,52.0,25.0,77.0,0.0,20.0,325.5,345.5,422.50,0.00,0.00,0.00,422.50
VI,RANCAGUA,2.0,0.0,0.0,0.0,0.0,0.0,0.02,0.02,0.1,0.1,0.17,0.37,0.39,0.00,0.00,0.00,0.39
VI,MACHALI,13.0,0.0,0.0,0.0,0.0,0.22,0.0,0.22,8.28,32.72,18.28,59.28,59.50,0.00,0.00,0.00,59.50
VI,GRANEROS,0.0,0.0,0.0,0.0,0.0,0.0,0.0,0.0,0.0,0.0,0.0,0.0,0.0,0.0,0.0,0.0,0.0
VI,CODEGUA,0.0,0.0,0.0,0.0,0.0,0.0,0.0,0.0,0.0,0.0,0.0,0.0,0.0,0.0,0.0,0.0,0.0
VI,MOSTAZAL,1.0,0.0,0.0,0.0,0.0,2.0,0.0,2.0,0.0,0.5,0.0,0.5,2.50,0.00,0.00,0.00,2.50
VI,REQUINOA,6.0,0.0,0.0,0.0,0.0,0.4,0.0,0.4,125.6,30.7,16.35,172.65,173.05,1.00,0.00,1.00,174.05
VI,OLIVAR,1.0,0.0,0.0,0.0,0.0,0.0,0.0,0.0,0.0,1.0,2.5,3.5,3.50,0.00,0.00,0.00,3.50
VI,RENGO,11.0,0.0,0.0,0.0,0.0,0.1,0.0,0.1,2.5,6.2,9.6,18.3,18.40,0.20,0.00,0.20,18.60
VI,QUINTADETILCOCO,1.0,0.0,0.0,0.0,0.0,0.5,0.0,0.5,0.0,0.5,1.0,1.5,2.00,0.00,0.00,0.00,2.00
VI,MALLOA,7.0,0.0,0.0,0.0,0.0,4.2,0.0,4.2,0.0,4.1,6.5,10.6,14.80,0.10,0.40,0.50,15.30
VI,SANVICENTETAGUATAGUA,10.0,0.0,0.0,0.0,0.0,0.2,0.0,0.2,0.5,5.8,7.5,13.8,14.00,0.00,0.00,0.00,14.00
VI,DONIHUE,1.0,0.0,0.0,0.0,0.0,0.0,0.0,0.0,0.8,0.1,0.1,1.0,1.00,0.00,0.00,0.00,1.00
VI,COINCO,1.0,0.0,0.0,0.0,0.0,0.0,0.1,0.1,0.0,0.55,3.0,3.55,3.65,0.00,0.00,0.00,3.65
VI,COLTAUCO,22.0,0.0,0.0,0.0,0.0,0.0,0.2,0.2,18.41,6.63,6.81,31.85,32.05,0.00,0.00,0.00,32.05
VI,PICHIDEGUA,11.0,0.0,0.0,0.0,0.0,7.0,0.5,7.5,55.05,766.15,552.7,1373.9,1381.40,3.00,0.00,3.00,1384.40
VI,PEUMO,1.0,0.0,0.0,0.0,0.0,0.05,0.0,0.05,0.0,0.0,0.0,0.0,0.05,0.00,0.00,0.00,0.05
VI,LASCABRAS,4.0,0.0,0.0,0.0,0.0,0.0,0.0,0.0,0.6,80.5,34.41,115.51,115.51,10.00,0.00,10.00,125.51
VI,SANFERNANDO,15.0,0.0,0.0,0.0,0.0,3.78,0.0,3.78,2.0,8.28,5.54,15.82,19.60,0.00,0.05,0.05,19.65
VI,CHIMBARONGO,1.0,0.0,0.0,0.0,0.0,0.0,0.0,0.0,0.5,4.0,0.0,4.5,4.50,0.00,0.00,0.00,4.50
VI,NANCAGUA,3.0,0.0,0.0,0.0,0.0,0.0,0.0,0.0,2.1,3.0,0.7,5.8,5.80,0.00,1.00,1.00,6.80
VI,PLACILLA,1.0,0.0,0.0,0.0,0.0,0.0,0.0,0.0,0.2,0.05,0.05,0.3,0.30,0.00,0.00,0.00,0.30
VI,CHEPICA,2.0,0.0,0.0,0.0,0.0,0.0,0.0,0.0,0.0,1.4,0.0,1.4,1.40,0.10,0.00,0.10,1.50
VI,SANTACRUZ,6.0,0.2,1.4,0.0,1.6,0.5,0.0,2.1,1.2,4.1,5.5,10.8,12.90,0.50,0.00,0.50,13.40
VI,PALMILLA,0.0,0.0,0.0,0.0,0.0,0.0,0.0,0.0,0.0,0.0,0.0,0.0,0.0,0.0,0.0,0.0,0.0
VI,LOLOL,3.0,0.0,1.5,2.6,4.1,0.0,0.0,4.1,0.0,0.4,1.0,1.4,5.50,0.00,0.00,0.00,5.50
VI,PUMANQUE,2.0,0.0,0.0,0.0,0.0,3.5,0.0,3.5,0.0,0.1,0.65,0.75,4.25,0.00,0.00,0.00,4.25
VI,PERALILLO,4.0,0.0,0.0,0.0,0.0,0.0,3.0,3.0,0.0,2.8,3.2,6.0,9.00,0.00,10.00,10.00,19.00
VI,PICHILEMU,22.0,19.09,10.16,2.1,31.35,4.5,0.0,35.85,0.0,16.18,0.63,16.81,52.66,0.20,0.34,0.54,53.20
VI,PAREDONES,10.0,1.65,0.0,1.72,3.37,6.1,0.0,9.47,0.4,6.08,3.63,10.11,19.58,0.00,1.40,1.40,20.98
VI,MARCHIHUE,17.0,1.2,0.0,0.0,1.2,0.3,0.0,1.5,43.5,40.15,159.5,243.15,244.65,10.40,0.10,10.50,255.15
VI,LITUECHE,15.0,0.0,0.0,0.0,0.0,19.0,0.0,19.0,366.05,187.39,358.56,912.0,931.00,3.00,12.05,15.05,946.05
VI,LAESTRELLA,10.0,0.0,0.0,5.6,5.6,0.6,1.0,7.2,3.5,86.37,260.99,350.86,358.06,60.50,2.00,62.50,420.56
VI,NAVIDAD,2.0,0.0,0.0,0.1,0.1,0.0,0.0,0.1,0.0,0.2,0.3,0.5,0.60,0.00,0.00,0.00,0.60
VII,CURICO,23.0,0.3,0.0,0.0,0.3,0.4,0.0,0.7,1.0,7.58,24.34,32.92,33.62,0.00,1.40,1.40,35.02
VII,RAUCO,12.0,0.0,0.5,0.0,0.5,0.5,0.0,1.0,16.3,18.51,19.02,53.83,54.83,0.00,0.00,0.00,54.83
VII,ROMERAL,22.0,0.0,0.0,0.0,0.0,2.0,0.0,2.0,6.3,20.99,11.8,39.09,41.09,0.00,4.00,4.00,45.09
VII,TENO,6.0,0.0,0.0,0.0,0.0,0.8,0.0,0.8,0.0,6.7,30.1,36.8,37.60,0.00,0.50,0.50,38.10
VII,VICHUQUEN,19.0,11.21,20.6,3.2,35.01,5.0,0.0,40.01,0.0,18.35,6.0,24.35,64.36,0.00,8.70,8.70,73.06
VII,LICANTEN,10.0,1.3,0.0,0.0,1.3,0.0,0.0,1.3,0.0,1.0,0.0,1.0,2.30,0.00,0.00,0.00,2.30
VII,HUALANE,8.0,107.5,0.0,0.1,107.6,0.01,0.0,107.61,0.0,84.6,91.3,175.9,283.51,0.00,0.00,0.00,283.51
VII,MOLINA,26.0,0.0,0.1,5.2,5.3,8.25,0.0,13.55,2.0,14.81,16.95,33.76,47.31,0.70,4.41,5.11,52.42
VII,SAGRADAFAMILIA,9.0,0.0,0.0,0.0,0.0,0.0,0.0,0.0,0.3,17.3,10.6,28.2,28.20,0.00,3.00,3.00,31.20
VII,TALCA,97.0,0.0,0.0,0.1,0.1,2.0,2.0,4.1,2.61,15.36,46.98,64.95,69.05,2.15,24.92,27.07,96.12
VII,SANCLEMENTE,29.0,0.0,1.25,0.0,1.25,0.2,0.0,1.45,6.2,29.47,50.31,85.98,87.43,10.00,7.25,17.25,104.68
VII,PELARCO,9.0,0.0,0.0,0.0,0.0,1.1,0.0,1.1,0.0,2.39,5.46,7.85,8.95,0.00,0.00,0.00,8.95
VII,RIOCLARO,27.0,1.05,2.3,0.0,3.35,22.3,0.0,25.65,4.1,44.51,125.6,174.21,199.86,0.00,30.05,30.05,229.91
VII,PENCAHUE,18.0,22.4,0.0,0.2,22.6,0.0,0.0,22.6,0.0,9.48,5.04,14.52,37.12,0.00,0.00,0.00,37.12
VII,MAULE,74.0,12.0,0.0,0.0,12.0,6.2,0.0,18.2,0.9,26.71,82.99,110.6,128.80,6.55,9.31,15.86,144.66
VII,CUREPTO,17.0,0.0,0.0,60.0,60.0,1.0,0.0,61.0,0.0,7.44,0.8,8.24,69.24,0.00,15.00,15.00,84.24
VII,CONSTITUCION,43.0,0.0,2.5,10.0,12.5,1.25,0.0,13.75,0.0,13.09,1.6,14.69,28.44,0.00,0.27,0.27,28.71
VII,EMPEDRADO,23.0,12.11,4.01,3.6,19.72,0.0,0.0,19.72,0.88,9.77,0.37,11.02,30.74,0.00,1.24,1.24,31.98
VII,SANRAFAEL,21.0,0.0,0.0,0.0,0.0,2.4,0.0,2.4,0.1,12.01,23.4,35.51,37.91,1.50,2.00,3.50,41.41
VII,LINARES,30.0,0.0,0.0,0.1,0.1,1.8,0.0,1.9,1.35,8.83,12.53,22.7,24.60,7.00,0.00,7.00,31.60
VII,YERBASBUENAS,9.0,0.0,0.0,0.0,0.0,1.2,0.0,1.2,6.2,12.2,8.6,27.0,28.20,2.00,0.00,2.00,30.20
VII,COLBUN,12.0,0.0,0.0,36.9,36.9,0.3,0.0,37.2,17.25,4.57,8.6,30.42,67.62,0.00,13.00,13.00,80.62
VII,LONGAVI,38.0,3.0,24.0,0.0,27.0,0.0,0.0,27.0,9.4,48.57,43.56,101.53,128.53,13.00,30.50,43.50,172.03
VII,PARRAL,20.0,0.0,0.0,0.0,0.0,3.6,0.0,3.6,0.0,63.41,43.46,106.87,110.47,1.40,18.00,19.40,129.87
VII,RETIRO,17.0,0.0,4.5,0.0,4.5,0.1,1.5,6.1,4.01,16.14,22.7,42.85,48.95,1.00,10.50,11.50,60.45
VII,SANJAVIER,75.0,4.73,7.2,0.48,12.41,4.56,0.3,17.27,0.65,33.01,37.74,71.4,88.67,1.50,6.00,7.50,96.17
VII,VILLAALEGRE,18.0,0.0,0.0,0.0,0.0,1.0,0.5,1.5,1.51,3.51,12.7,17.72,19.22,2.20,18.00,20.20,39.42
VII,CAUQUENES,66.0,2.1,0.5,2.95,5.55,0.8,0.0,6.35,3.7,91.82,161.6,257.11,263.46,17.00,12.62,29.62,293.08
VII,CHANCO,14.0,1.15,0.2,0.2,1.55,3.9,0.0,5.45,0.0,4.65,3.4,8.05,13.50,0.00,0.60,0.60,14.10
VII,PELLUHUE,4.0,0.0,0.0,1.5,1.5,1.6,0.0,3.1,0.0,0.9,4.6,5.5,8.60,0.00,2.00,2.00,10.60
VIII,CHILLAN,83.0,4.77,0.0,0.0,4.77,0.12,0.0,4.89,2.83,35.56,68.97,107.36,112.25,1.30,5.95,7.25,119.50
VIII,PINTO,3.0,0.0,0.0,0.0,0.0,0.7,0.0,0.7,15.35,0.3,0.0,15.65,16.35,0.00,0.00,0.00,16.35
VIII,PORTEZUELO,3.0,0.0,0.0,0.0,0.0,0.0,0.0,0.0,0.0,52.06,5.0,57.06,57.06,0.00,0.00,0.00,57.06
VIII,SANCARLOS,51.0,0.0,1.43,1.17,2.6,2.32,0.0,4.92,0.1,29.87,98.24,128.21,133.13,12.30,8.84,21.14,154.27
VIII,NIQUEN,24.0,0.6,2.18,0.42,3.2,0.05,0.01,3.26,1.02,4.73,4.91,10.66,13.92,0.50,2.59,3.09,17.01
VIII,SANFABIAN,37.0,21.5,25.0,0.0,46.5,1.4,6.0,53.9,7.72,37.61,10.01,55.34,109.23,4.00,0.24,4.24,113.47
VIII,COIHUECO,92.0,33.62,3.05,0.31,36.98,2.35,0.0,39.33,21.81,177.59,18.95,218.35,257.68,14.50,41.51,56.01,313.69
VIII,SANIGNACIO,7.0,0.0,0.0,0.0,0.0,0.0,0.0,0.0,0.0,0.97,1.23,2.2,2.20,0.00,4.70,4.70,6.90
VIII,ELCARMEN,3.0,2.0,0.2,0.0,2.2,0.02,0.0,2.22,0.0,0.08,0.0,0.08,2.30,0.00,7.90,7.90,10.20
VIII,YUNGAY,18.0,1.1,0.29,0.0,1.39,0.0,0.0,1.39,0.02,14.98,0.16,15.16,16.55,3.50,1.63,5.13,21.68
VIII,PEMUCO,19.0,5.87,0.0,0.0,5.87,0.0,0.0,5.87,0.14,86.7,0.64,87.48,93.35,0.00,0.01,0.01,93.36
VIII,BULNES,15.0,0.0,0.0,0.0,0.0,0.6,0.0,0.6,0.0,1.28,5.33,6.61,7.21,0.20,0.00,0.20,7.41
VIII,QUILLON,56.0,9.35,8.0,1.9,19.25,8.46,0.0,27.71,1.28,28.15,22.07,51.5,79.21,0.71,1.00,1.71,80.92
VIII,COELEMU,21.0,0.0,0.44,0.0,0.44,0.6,0.0,1.04,0.0,3.78,0.0,3.78,4.82,0.00,0.00,0.00,4.82
VIII,TREGUACO,2.0,15.0,0.0,10.0,25.0,23.32,0.0,48.32,0.0,5.02,35.0,40.02,88.34,0.00,60.00,60.00,148.34
VIII,RANQUIL,21.0,9.0,0.0,0.0,9.0,0.0,0.0,9.0,1.0,40.91,1.01,42.92,51.92,0.00,2.00,2.00,53.92
VIII,COBQUECURA,2.0,0.0,0.0,4.3,4.3,6.17,0.0,10.47,2.3,5.24,6.0,13.54,24.01,0.00,41.76,41.76,65.77
VIII,QUIRIHUE,16.0,0.23,0.0,5.24,5.47,0.71,0.0,6.18,0.0,2.31,2.01,4.32,10.50,0.10,0.13,0.23,10.73
VIII,NINHUE,5.0,0.0,0.0,0.0,0.0,1.28,0.0,1.28,0.0,3.01,2.81,5.82,7.10,0.00,0.32,0.32,7.42
VIII,SANNICOLAS,23.0,0.01,0.23,0.01,0.25,2.9,0.0,3.15,4.0,29.26,43.15,76.41,79.56,7.05,16.20,23.25,102.81
VIII,CHILLANVIEJO,26.0,0.0,0.0,0.0,0.0,14.01,0.02,14.03,0.27,18.6,40.66,59.53,73.56,0.98,31.06,32.04,105.60
VIII,LOSANGELES,205.0,4.92,8.23,13.07,26.22,32.26,0.0,58.48,17.05,76.83,204.25,298.13,356.60,4.50,74.49,78.99,435.59
VIII,LAJA,71.0,4.07,0.0,35.54,39.61,0.83,0.0,40.44,1.8,82.51,71.53,155.84,196.28,0.30,30.22,30.52,226.80
VIII,SANROSENDO,23.0,85.29,0.0,4.21,89.5,0.0,0.0,89.5,2.21,52.94,9.08,64.23,153.73,0.00,6.98,6.98,160.71
VIII,YUMBEL,53.0,7.61,1.02,1.61,10.24,0.46,0.0,10.7,0.0,14.78,8.98,23.76,34.46,0.00,1.72,1.72,36.18
VIII,CABRERO,52.0,15.8,0.16,0.45,16.41,1.25,6.0,23.66,0.0,9.55,11.52,21.07,44.73,0.00,1.26,1.26,45.99
VIII,TUCAPEL,39.0,8.34,1.04,25.01,34.39,20.0,0.0,54.39,11.8,37.17,23.0,71.97,126.36,11.95,86.73,98.68,225.04
VIII,QUILLECO,33.0,0.72,0.23,0.0,0.95,0.26,0.0,1.21,0.0,46.13,5.85,51.98,53.19,21.32,0.22,21.54,74.73
VIII,SANTABARBARA,17.0,10.59,59.14,6.49,76.22,3.45,0.0,79.67,4.24,34.04,2.01,40.29,119.96,4.70,31.26,35.96,155.92
VIII,ALTOBIOBIO,10.0,0.0,0.0,0.0,0.0,0.0,0.0,0.0,197.51,154.17,34.0,385.68,385.68,0.00,0.00,0.00,385.68
VIII,QUILACO,5.0,0.0,0.0,0.0,0.0,0.0,0.0,0.0,0.2,0.71,0.1,1.01,1.01,0.00,1.44,1.44,2.45
VIII,MULCHEN,125.0,40.35,0.91,0.71,41.97,119.84,0.0,161.81,2.54,136.16,105.48,244.18,405.99,142.18,533.57,675.75,1081.74
VIII,NACIMIENTO,21.0,0.4,0.0,0.57,0.97,1.03,0.0,2.0,0.0,10.42,4.25,14.67,16.67,0.00,1.17,1.17,17.84
VIII,NEGRETE,18.0,0.0,0.77,1.0,1.77,1.15,0.0,2.92,0.0,5.65,22.21,27.86,30.78,4.49,0.01,4.50,35.28
VIII,ANTUCO,2.0,0.0,0.0,0.0,0.0,0.0,0.0,0.0,174.0,280.0,65.0,519.0,519.00,0.00,0.00,0.00,519.00
VIII,CONCEPCION,25.0,0.0,0.01,0.0,0.01,0.26,0.02,0.29,0.0,10.27,0.69,10.96,11.25,0.00,0.00,0.00,11.25
VIII,TALCAHUANO,55.0,0.0,1.6,1.2,2.8,2.4,0.0,5.2,1.1,12.25,32.36,45.71,50.91,0.00,0.19,0.19,51.10
VIII,HUALPEN,7.0,0.0,0.0,0.6,0.6,1.0,0.0,1.6,0.0,1.1,3.33,4.43,6.03,0.00,0.00,0.00,6.03
VIII,PENCO,102.0,0.04,1.65,1.87,3.56,10.47,0.0,14.03,0.39,21.64,2.38,24.41,38.44,0.00,0.56,0.56,39.00
VIII,TOME,205.0,0.03,0.89,1.44,2.36,9.29,0.0,11.65,0.02,38.28,2.42,40.72,52.37,0.00,1.24,1.24,53.61
VIII,FLORIDA,34.0,0.16,100.0,1.51,101.67,102.48,0.0,204.15,20.0,108.81,51.66,180.47,384.62,0.08,2.80,2.88,387.50
VIII,HUALQUI,41.0,0.01,49.06,94.13,143.2,334.48,1.64,479.32,59.88,47.66,8.35,115.89,595.21,0.00,5.40,5.40,600.61
VIII,SANTAJUANA,20.0,1.08,0.0,9.2,10.28,1.0,0.3,11.58,0.5,11.13,3.1,14.73,26.31,0.00,0.00,0.00,26.31
VIII,LOTA,71.0,0.0,0.0,0.0,0.0,0.0,0.0,0.0,0.0,8.4,1.0,9.4,9.40,0.00,0.38,0.38,9.77
VIII,CORONEL,76.0,0.1,0.0,0.41,0.51,0.4,0.0,0.91,0.95,25.34,57.63,83.92,84.83,0.00,0.10,0.10,84.93
VIII,SANPEDRODELAPAZ,24.0,6.15,0.05,0.55,6.75,6.69,0.0,13.44,1.3,12.49,16.5,30.29,43.73,0.00,0.08,0.08,43.81
VIII,CHIGUAYANTE,14.0,0.0,0.3,0.04,0.34,1.08,0.0,1.42,0.0,4.21,1.44,5.65,7.07,0.00,0.00,0.00,7.07
VIII,LEBU,143.0,26.45,0.6,3.66,30.71,70.0,0.0,100.71,0.6,85.18,55.92,141.7,242.41,0.00,2.84,2.84,245.25
VIII,CURANILAHUE,170.0,0.0,0.0,0.0,0.0,0.78,0.0,0.78,0.0,28.12,0.0,28.12,28.90,0.00,0.07,0.07,28.96
VIII,ARAUCO,64.0,0.0,16.35,14.0,30.35,2.39,0.0,32.74,0.19,89.12,2.24,91.55,124.29,0.00,130.05,130.05,254.34
VIII,LOSALAMOS,164.0,6.56,0.01,0.1,6.67,15.02,0.0,21.69,0.87,23.13,3.16,27.16,48.84,1.00,0.75,1.75,50.59
VIII,CANETE,139.0,95.56,53.52,69.29,218.37,67.84,0.0,286.21,3.34,100.18,103.89,207.41,493.62,3.90,51.93,55.83,549.45
VIII,CONTULMO,40.0,54.65,55.04,3.93,113.62,31.36,2.41,147.39,0.45,10.44,2.62,13.51,160.90,0.00,15.79,15.79,176.69
VIII,TIRUA,97.0,49.6,25.49,10.06,85.15,224.69,0.0,309.84,0.64,97.97,23.91,122.52,432.36,1.00,279.26,280.26,712.62
IX,ANGOL,100.0,18.5,2.31,2.06,22.87,34.95,0.0,57.82,1.39,51.39,46.75,99.53,157.35,3.00,23.11,26.11,183.46
IX,PUREN,29.0,0.8,0.0,0.0,0.8,0.55,0.0,1.35,0.1,11.01,0.9,12.01,13.36,0.00,3.02,3.02,16.38
IX,LOSSAUCES,42.0,5.2,0.0,5.0,10.2,113.94,0.0,124.14,0.25,207.86,13.72,221.83,345.97,2.00,108.30,110.30,456.27
IX,RENAICO,9.0,0.0,0.0,0.0,0.0,0.57,0.0,0.57,0.0,0.82,0.01,0.83,1.40,0.00,0.00,0.00,1.40
IX,COLLIPULLI,265.0,58.79,34.47,57.22,150.48,100.15,0.0,250.63,16.28,245.48,24.57,286.33,536.96,318.86,254.27,573.13,1110.09
IX,ERCILLA,96.0,25.79,4.0,1.5,31.29,187.02,0.0,218.31,47.96,451.08,55.84,554.88,773.19,29.00,153.56,182.56,955.75
IX,TRAIGUEN,59.0,130.08,11.1,205.7,346.88,115.62,0.0,462.5,114.8,260.67,160.61,536.08,998.58,19.00,169.51,188.51,1187.09
IX,LUMACO,81.0,125.18,153.87,184.99,464.04,67.5,1.1,532.64,7.63,104.44,33.5,145.57,678.21,1.00,79.10,80.10,758.31
IX,VICTORIA,169.0,45.79,12.54,37.0,95.33,223.0,9.1,327.43,49.24,78.75,141.93,269.92,597.35,452.65,2767.36,3220.01,3817.36
IX,CURACAUTIN,8.0,1.0,0.0,0.0,1.0,0.0,0.0,1.0,0.51,1.06,0.6,2.17,3.17,0.00,0.30,0.30,3.47
IX,LONQUIMAY,10.0,0.0,0.0,0.0,0.0,0.0,0.0,0.0,1.67,0.78,0.5,2.95,2.95,0.00,0.00,0.00,2.95
IX,TEMUCO,64.0,1.2,0.0,1.33,2.53,24.46,0.0,26.99,33.01,43.46,94.27,170.74,197.73,8.50,53.34,61.84,259.57
IX,LAUTARO,43.0,4.32,0.2,1.85,6.37,17.91,0.0,24.28,12.9,31.52,105.0,149.42,173.70,75.10,230.11,305.21,478.91
IX,PERQUENCO,15.0,1.5,0.0,6.79,8.29,1.81,0.0,10.1,37.39,5.31,23.9,66.6,76.70,149.99,1040.84,1190.83,1267.53
IX,GALVARINO,102.0,30.57,151.28,27.5,209.35,383.2,1.3,593.85,163.56,80.5,136.37,380.43,974.28,65.54,38.46,104.00,1078.28
IX,NUEVAIMPERIAL,22.0,0.0,0.0,0.6,0.6,10.42,0.0,11.02,1.2,27.36,22.1,50.66,61.68,0.10,7.00,7.10,68.78
IX,CARAHUE,56.0,4.92,0.72,4.52,10.16,14.74,0.0,24.9,1.0,35.11,14.8,50.91,75.81,6.51,20.27,26.78,102.59
IX,SAAVEDRA,5.0,0.0,0.0,0.02,0.02,1.6,0.0,1.62,0.0,8.5,0.6,9.1,10.72,0.00,5.30,5.30,16.02
IX,VILCUN,10.0,0.0,0.0,0.8,0.8,0.7,0.0,1.5,3.0,4.72,1.11,8.83,10.33,1.50,17.00,18.50,28.83
IX,CHOLCHOL,34.0,8.86,0.0,0.45,9.31,19.4,0.0,28.71,0.03,15.42,12.9,28.35,57.06,0.00,10.05,10.05,67.11
IX,FREIRE,12.0,1.1,0.0,0.0,1.1,2.4,0.0,3.5,5.1,23.6,19.45,48.15,51.65,0.00,9.00,9.00,60.65
IX,CUNCO,6.0,0.05,0.0,0.0,0.05,1.05,0.0,1.1,1.3,2.6,4.6,8.5,9.60,0.00,0.50,0.50,10.10
IX,PITRUFQUEN,16.0,0.1,0.0,0.0,0.1,5.95,0.0,6.05,4.3,12.4,17.8,34.5,40.55,0.00,62.50,62.50,103.05
IX,GORBEA,2.0,0.1,0.0,0.0,0.1,0.1,0.0,0.2,0.0,0.37,0.0,0.37,0.57,0.00,0.05,0.05,0.62
IX,TOLTEN,3.0,0.0,0.0,0.0,0.0,0.7,0.0,0.7,1.0,0.5,10.0,11.5,12.20,0.00,0.00,0.00,12.20
IX,LONCOCHE,14.0,0.5,0.0,0.0,0.5,0.7,0.0,1.2,0.8,7.4,5.51,13.71,14.91,0.00,2.40,2.40,17.31
IX,VILLARRICA,20.0,0.0,0.0,7.0,7.0,1.0,0.0,8.0,17.4,12.4,23.0,52.8,60.80,0.00,8.10,8.10,68.90
IX,PUCON,1.0,0.0,0.0,0.0,0.0,3.0,0.0,3.0,0.0,0.0,0.0,0.0,3.00,0.00,0.00,0.00,3.00
IX,CURARREHUE,1.0,0.0,0.0,0.0,0.0,0.0,0.0,0.0,0.85,0.0,0.0,0.85,0.85,0.00,0.00,0.00,0.85
IX,MELIPEUCO,14.0,0.1,0.0,0.05,0.15,0.2,0.0,0.35,0.7,2.02,1.28,4.0,4.35,0.00,0.20,0.20,4.55
IX,TEODOROSCHMIDT,2.0,0.8,0.0,0.0,0.8,0.0,0.0,0.8,0.0,2.16,0.0,2.16,2.96,0.00,3.00,3.00,5.96
IX,PADRELASCASAS,34.0,2.01,1.46,2.5,5.97,7.9,0.0,13.87,2.6,20.72,14.45,37.77,51.64,0.20,31.96,32.16,83.80
XIV,VALDIVIA,18.0,0.0,0.0,0.0,0.0,2.14,4.0,6.14,12.48,52.87,20.7,86.05,92.19,0.00,3.00,3.00,95.19
XIV,MARIQUINA,16.0,0.0,0.0,0.0,0.0,145.75,0.0,145.75,34.55,15.12,6.95,56.62,202.37,0.00,97.99,97.99,300.36
XIV,LANCO,16.0,55.7,0.0,44.41,100.11,42.5,0.5,143.11,5.5,14.51,3.0,23.01,166.12,0.00,9.00,9.00,175.12
XIV,LOSLAGOS,38.0,0.1,0.0,0.5,0.6,4.2,0.0,4.8,3.4,22.24,6.25,31.89,36.69,0.00,5.00,5.00,41.69
XIV,CORRAL,10.0,0.5,0.0,3.0,3.5,11.5,0.0,15.0,10.6,32.6,1.3,44.5,59.50,0.00,0.20,0.20,59.70
XIV,MAFIL,1.0,0.0,0.0,0.0,0.0,0.0,0.0,0.0,0.5,0.5,0.2,1.2,1.20,0.00,0.00,0.00,1.20
XIV,PANGUIPULLI,9.0,8.5,0.0,5.6,14.1,1.0,0.0,15.1,16.0,15.21,0.3,31.51,46.61,12.00,0.70,12.70,59.31
XIV,PAILLACO,26.0,0.45,0.0,0.1,0.55,0.44,0.0,0.99,1.4,41.77,8.24,51.41,52.40,10.50,23.70,34.20,86.60
XIV,LAUNIÓN,30.0,1.1,0.3,0.0,1.4,1.9,0.0,3.3,0.2,13.36,22.85,36.41,39.71,28.00,37.80,65.80,105.51
XIV,FUTRONO,0.0,0.0,0.0,0.0,0.0,0.0,0.0,0.0,0.0,0.0,0.0,0.0,0.0,0.0,0.0,0.0,0.0
XIV,RÍOBUENO,16.0,0.0,0.0,0.0,0.0,0.0,0.0,0.0,1.9,2.75,16.75,21.4,21.40,0.20,110.90,111.10,132.50
XIV,LAGORANCO,3.0,0.0,0.0,0.0,0.0,3.6,0.0,3.6,23.5,9.0,0.0,32.5,36.10,0.00,0.00,0.00,36.10
X,OSORNO,9.0,0.0,2.2,1.5,3.7,0.1,0.0,3.8,0.0,5.85,25.05,30.9,34.70,10.15,25.00,35.15,69.85
X,SANPABLO,9.0,1.4,0.0,2.51,3.91,8.5,0.0,12.41,0.3,9.2,5.9,15.4,27.81,0.00,21.50,21.50,49.31
X,PEYUHUE,2.0,0.0,0.0,0.0,0.0,0.0,0.0,0.0,0.0,2.2,0.0,2.2,2.20,0.00,0.00,0.00,2.20
X,PUERTOOCTAY,3.0,0.0,0.0,0.0,0.0,17.28,0.0,17.28,13.99,3.7,0.02,17.71,34.99,0.00,13.03,13.03,48.02
X,ENTRELAGOS,0.0,0.0,0.0,0.0,0.0,0.0,0.0,0.0,0.0,0.0,0.0,0.0,0.0,0.0,0.0,0.0,0.0
X,RIONEGRO,1.0,0.0,0.0,0.0,0.0,0.2,0.0,0.2,1.25,0.0,0.0,1.25,1.45,0.00,13.25,13.25,14.70
X,PURRANQUE,2.0,0.0,0.0,0.0,0.0,23.5,0.0,23.5,2.0,1.5,0.0,3.5,27.00,0.00,10.00,10.00,37.00
X,SANJUANDELACOSTA,9.0,0.0,0.0,0.0,0.0,1.3,0.0,1.3,5.05,3.31,0.9,9.26,10.56,0.00,0.10,0.10,10.66
X,PUERTOMONTT,160.0,0.0,0.0,1.2,1.2,0.7,0.0,1.9,70.53,199.98,23.83,294.33,296.23,0.00,17.67,17.67,313.90
X,COCHAMO,0.0,0.0,0.0,0.0,0.0,0.0,0.0,0.0,0.0,0.0,0.0,0.0,0.0,0.0,0.0,0.0,0.0
X,CALBUCO,16.0,0.0,0.0,0.0,0.0,0.0,0.0,0.0,1.68,7.25,0.9,9.82,9.82,0.00,0.40,0.40,10.22
X,MAULLIN,8.0,0.0,0.0,0.0,0.0,102.0,4.0,106.0,31.2,76.5,20.0,127.7,233.70,0.00,0.10,0.10,233.80
X,LOSMUERMOS,2.0,0.0,0.0,0.0,0.0,0.0,0.0,0.0,0.05,0.16,0.0,0.21,0.21,0.00,0.00,0.00,0.21
X,FRESIA,3.0,0.0,0.0,0.0,0.0,0.0,0.0,0.0,0.2,0.05,1.2,1.45,1.45,0.00,0.60,0.60,2.05
X,FRUTILLAR,0.0,0.0,0.0,0.0,0.0,0.0,0.0,0.0,0.0,0.0,0.0,0.0,0.0,0.0,0.0,0.0,0.0
X,LLANQUIHUE,3.0,0.0,0.0,0.0,0.0,0.0,0.0,0.0,0.0,1.1,1.7,2.8,2.80,0.00,5.00,5.00,7.80
X,PUERTOVARAS,21.0,0.0,0.0,0.0,0.0,1.0,0.0,1.0,3.55,110.92,23.35,137.82,138.82,0.00,20.50,20.50,159.32
X,CASTRO,23.0,0.0,0.0,0.01,0.01,0.3,0.0,0.31,8.7,42.0,11.0,61.7,62.01,0.00,3.20,3.20,65.21
X,ANCUD,12.0,0.1,0.0,0.0,0.1,0.25,0.0,0.35,9.52,10.37,1.5,21.39,21.74,0.00,2.05,2.05,23.79
X,QUEMCHI,0.0,0.0,0.0,0.0,0.0,0.0,0.0,0.0,0.0,0.0,0.0,0.0,0.0,0.0,0.0,0.0,0.0
X,CURACODEVELEZ,0.0,0.0,0.0,0.0,0.0,0.0,0.0,0.0,0.0,0.0,0.0,0.0,0.0,0.0,0.0,0.0,0.0
X,DALCAHUE,16.0,0.0,0.0,0.0,0.0,0.0,0.0,0.0,1.99,24.35,3.24,29.58,29.58,0.00,1.50,1.50,31.08
X,QUINCHAO,5.0,0.0,0.0,0.0,0.0,0.0,0.0,0.0,0.0,4.4,1.2,5.6,5.60,0.00,0.00,0.00,5.60
X,PUQUELDON,1.0,0.0,0.0,0.0,0.0,0.0,0.0,0.0,0.1,0.85,0.05,1.0,1.00,0.00,0.00,0.00,1.00
X,CHONCHI,13.0,0.0,0.31,0.0,0.31,0.0,0.0,0.31,0.78,1.57,0.61,2.96,3.27,0.00,0.86,0.86,4.13
X,QUEILEN,0.0,0.0,0.0,0.0,0.0,0.0,0.0,0.0,0.0,0.0,0.0,0.0,0.0,0.0,0.0,0.0,0.0
X,QUELLON,4.0,0.0,0.01,0.0,0.01,0.0,0.0,0.01,2.25,3.5,1.2,6.95,6.96,0.00,0.25,0.25,7.21
X,CHAITEN,1.0,0.0,0.0,0.0,0.0,0.0,0.0,0.0,1.0,0.5,0.0,1.5,1.50,0.00,0.00,0.00,1.50
X,PALENA,6.0,0.0,0.0,0.2,0.2,0.0,0.0,0.2,1001.55,299.8,0.0,1301.35,1301.55,0.00,0.00,0.00,1301.55
X,FUTALEUFU,1.0,0.0,0.0,0.0,0.0,0.0,0.0,0.0,1.2,0.0,0.0,1.2,1.20,0.00,0.00,0.00,1.20
X,HUALAIHUE,3.0,0.0,0.0,0.0,0.0,0.0,0.0,0.0,24.0,0.0,0.0,24.0,24.00,0.00,0.00,0.00,24.00
XI,COYHAIQUE,23.0,0.0,51.92,73.0,124.92,0.0,0.0,124.92,46.5,7.29,30.19,83.98,208.90,0.00,6.51,6.51,215.41
XI,LAGOVERDE,4.0,0.0,0.0,0.0,0.0,0.0,0.0,0.0,623.03,616.98,0.79,1240.8,1240.80,0.00,1.00,1.00,1241.80
XI,AYSEN,5.0,0.0,0.0,0.0,0.0,0.0,0.0,0.0,0.07,1.73,0.0,1.8,1.80,0.00,0.60,0.60,2.40
XI,CISNES,5.0,0.0,0.0,0.0,0.0,0.0,0.0,0.0,6.65,6.6,0.35,13.6,13.60,0.00,3.00,3.00,16.60
XI,GUAYTECAS,1.0,0.0,0.0,0.0,0.0,0.0,0.0,0.0,4.8,0.6,0.6,6.0,6.00,0.00,0.00,0.00,6.00
XI,CHILECHICO,2.0,0.0,0.0,0.0,0.0,0.0,0.36,0.36,3.08,301.08,801.08,1105.24,1105.60,0.00,0.00,0.00,1105.60
XI,RIOIBAÑEZ,3.0,0.0,0.0,14.45,14.45,0.0,0.0,14.45,50.02,1733.8,211.49,1995.31,2009.76,0.00,0.00,0.00,2009.76
XI,COCHRANE,5.0,0.0,0.0,0.0,0.0,0.0,0.0,0.0,0.86,83.64,77.21,161.7,161.70,0.00,0.00,0.00,161.70
XI,OHIGGINS,1.0,0.0,0.0,0.0,0.0,0.0,0.0,0.0,3.6,1.8,0.5,5.9,5.90,0.00,0.00,0.00,5.90
XI,TORTEL,1.0,0.0,0.0,0.0,0.0,0.0,0.0,0.0,33.7,0.0,58.7,92.4,92.40,0.00,0.00,0.00,92.40
XII,PUNTAARENAS,11.0,0.0,0.0,0.0,0.0,0.0,69.81,69.81,11.83,13.01,3.33,28.17,97.98,0.00,0.90,0.90,98.87
XII,LAGUNABLANCA,1.0,0.0,0.0,0.0,0.0,0.0,0.0,0.0,1.0,0.0,0.0,1.0,1.00,0.00,0.00,0.00,1.00
XII,RIOVERDE,0.0,0.0,0.0,0.0,0.0,0.0,0.0,0.0,0.0,0.0,0.0,0.0,0.0,0.0,0.0,0.0,0.0
XII,SANGREGORIO,0.0,0.0,0.0,0.0,0.0,0.0,0.0,0.0,0.0,0.0,0.0,0.0,0.0,0.0,0.0,0.0,0.0
XII,PUERTONATALES,9.0,0.0,0.0,0.0,0.0,0.0,0.2,0.2,0.92,1.49,1.28,3.69,3.89,0.00,0.20,0.20,4.09
XII,TORRESDELPAINE,1.0,0.0,0.0,0.0,0.0,0.0,0.0,0.0,0.0,2.0,3.5,5.5,5.50,0.00,0.00,0.00,5.50
XII,PORVENIR,0.0,0.0,0.0,0.0,0.0,0.0,0.0,0.0,0.0,0.0,0.0,0.0,0.0,0.0,0.0,0.0,0.0
XII,TIMAUKEL,3.0,0.0,0.0,0.0,0.0,0.0,0.0,0.0,8.2,7.3,15.0,30.5,30.50,0.00,0.01,0.01,30.51
XII,PRIMAVERA,0.0,0.0,0.0,0.0,0.0,0.0,0.0,0.0,0.0,0.0,0.0,0.0,0.0,0.0,0.0,0.0,0.0
XII,NAVARINO,0.0,0.0,0.0,0.0,0.0,0.0,0.0,0.0,0.0,0.0,0.0,0.0,0.0,0.0,0.0,0.0,0.0
RM,COLINA,5.0,0.0,0.0,0.0,0.0,0.0,0.0,0.0,0.0,4.2,14.4,18.6,18.60,0.50,0.00,0.50,19.10
RM,LAMPA,36.0,0.0,0.0,0.0,0.0,1.2,5.5,6.7,89.65,218.5,612.95,921.1,927.80,44.00,0.00,44.00,971.80
RM,TILTIL,5.0,0.0,0.0,0.0,0.0,0.4,0.0,0.4,2.0,29.4,66.5,97.9,98.30,0.00,0.00,0.00,98.30
RM,PUENTEALTO,4.0,0.0,0.0,0.0,0.0,0.3,0.0,0.3,0.05,0.55,1.4,2.0,2.30,0.00,0.00,0.00,2.30
RM,PIRQUE,15.0,0.0,0.0,0.0,0.0,1.1,0.0,1.1,17.64,27.06,22.66,67.36,68.46,0.00,0.00,0.00,68.46
RM,SANJOSEDEMAIPO,0.0,0.0,0.0,0.0,0.0,0.0,0.0,0.0,0.0,0.0,0.0,0.0,0.0,0.0,0.0,0.0,0.0
RM,SANBERNARDO,11.0,0.0,0.0,0.0,0.0,0.0,0.0,0.0,0.0,21.7,40.0,61.7,61.70,0.00,0.10,0.10,61.80
RM,BUIN,2.0,0.0,0.0,0.0,0.0,0.0,0.5,0.5,0.0,0.5,3.3,3.8,4.30,0.00,0.00,0.00,4.30
RM,PAINE,9.0,0.0,0.0,0.0,0.0,3.0,0.0,3.0,0.7,0.98,6.47,8.15,11.15,0.00,0.00,0.00,11.15
RM,CALERADETANGO,1.0,0.0,0.0,0.0,0.0,0.0,0.0,0.0,0.0,0.03,0.07,0.1,0.10,0.00,0.00,0.00,0.10
RM,TALAGANTE,7.0,0.0,0.0,0.0,0.0,1.2,0.0,1.2,3.1,7.4,15.1,25.6,26.80,0.00,0.00,0.00,26.80
RM,PENAFLOR,5.0,0.0,0.0,0.0,0.0,0.0,0.0,0.0,0.0,1.8,6.5,8.3,8.30,0.00,0.00,0.00,8.30
RM,ELMONTE,4.0,0.0,0.0,0.0,0.0,0.2,0.0,0.2,0.0,5.3,4.11,9.41,9.61,0.00,0.00,0.00,9.61
RM,ISLADEMAIPO,5.0,0.0,0.0,0.0,0.0,4.4,1.5,5.9,2.0,11.9,6.8,20.7,26.60,0.00,0.00,0.00,26.60
RM,PADREHURTADO,4.0,0.0,0.0,0.0,0.0,0.0,0.0,0.0,61.0,87.0,196.1,344.1,344.10,0.00,0.00,0.00,344.10
RM,MELIPILLA,53.0,0.0,0.0,0.0,0.0,4.7,0.4,5.1,35.3,175.1,294.95,505.35,510.45,0.00,0.10,0.10,510.55
RM,MARIAPINTO,7.0,0.0,0.0,0.0,0.0,0.0,0.0,0.0,1.2,3.3,10.5,15.0,15.00,0.00,9.50,9.50,24.50
RM,SANPEDRO,18.0,0.0,0.0,0.0,0.0,152.72,0.0,152.72,6.23,34.82,45.46,86.51,239.23,5.83,0.00,5.83,245.06
RM,CURACAVI,29.0,0.0,0.0,0.0,0.0,0.5,0.0,0.5,9.3,23.36,40.93,73.59,74.09,0.00,0.01,0.01,74.10
RM,ALHUE,7.0,0.0,0.0,0.0,0.0,0.11,0.0,0.11,1.55,2.87,3.93,8.35,8.46,0.00,0.00,0.00,8.46
RM,SANTIAGO,0.0,0.0,0.0,0.0,0.0,0.0,0.0,0.0,0.0,0.0,0.0,0.0,0.0,0.0,0.0,0.0,0.0
RM,INDEPENDENCIA,0.0,0.0,0.0,0.0,0.0,0.0,0.0,0.0,0.0,0.0,0.0,0.0,0.0,0.0,0.0,0.0,0.0
RM,RECOLETA,2.0,0.0,0.0,0.0,0.0,0.0,0.1,0.1,0.0,0.7,1.3,2.0,2.10,0.00,0.00,0.00,2.10
RM,ESTACIONCENTRAL,0.0,0.0,0.0,0.0,0.0,0.0,0.0,0.0,0.0,0.0,0.0,0.0,0.0,0.0,0.0,0.0,0.0
RM,CONCHALI,1.0,0.0,0.0,0.0,0.0,0.0,0.0,0.0,0.0,2.0,8.0,10.0,10.00,0.00,0.00,0.00,10.00
RM,HUECHURABA,9.0,0.0,0.0,0.0,0.0,0.03,0.0,0.03,0.7,2.49,8.54,11.73,11.76,0.00,0.00,0.00,11.76
RM,QUILICURA,2.0,0.0,0.0,0.0,0.0,0.0,0.0,0.0,0.0,5.0,22.0,27.0,27.00,0.00,0.00,0.00,27.00
RM,RENCA,12.0,0.0,0.0,0.0,0.0,2.0,0.0,2.0,0.1,3.2,13.72,17.02,19.02,0.00,0.00,0.00,19.02
RM,QUINTANORMAL,0.0,0.0,0.0,0.0,0.0,0.0,0.0,0.0,0.0,0.0,0.0,0.0,0.0,0.0,0.0,0.0,0.0
RM,PUDAHUEL,5.0,0.0,0.0,0.0,0.0,0.5,0.1,0.6,0.0,2.9,8.1,11.0,11.60,0.00,0.00,0.00,11.60
RM,CERRONAVIA,0.0,0.0,0.0,0.0,0.0,0.0,0.0,0.0,0.0,0.0,0.0,0.0,0.0,0.0,0.0,0.0,0.0
RM,LOPRADO,0.0,0.0,0.0,0.0,0.0,0.0,0.0,0.0,0.0,0.0,0.0,0.0,0.0,0.0,0.0,0.0,0.0
RM,MAIPU,1.0,0.0,0.0,0.0,0.0,0.0,0.0,0.0,0.0,0.1,0.4,0.5,0.50,0.00,0.00,0.00,0.50
RM,PEDROAGUIRRECERDA,0.0,0.0,0.0,0.0,0.0,0.0,0.0,0.0,0.0,0.0,0.0,0.0,0.0,0.0,0.0,0.0,0.0
RM,CERRILLOS,0.0,0.0,0.0,0.0,0.0,0.0,0.0,0.0,0.0,0.0,0.0,0.0,0.0,0.0,0.0,0.0,0.0
RM,LOESPEJO,0.0,0.0,0.0,0.0,0.0,0.0,0.0,0.0,0.0,0.0,0.0,0.0,0.0,0.0,0.0,0.0,0.0
RM,LAPINTANA,0.0,0.0,0.0,0.0,0.0,0.0,0.0,0.0,0.0,0.0,0.0,0.0,0.0,0.0,0.0,0.0,0.0
RM,ELBOSQUE,0.0,0.0,0.0,0.0,0.0,0.0,0.0,0.0,0.0,0.0,0.0,0.0,0.0,0.0,0.0,0.0,0.0
RM,LAFLORIDA,3.0,0.0,0.0,0.0,0.0,1.5,0.0,1.5,0.5,4.3,9.2,14.0,15.5,0,0,0,15.5
RM,LAGRANJA,0.0,0.0,0.0,0.0,0.0,0.0,0.0,0.0,0.0,0.0,0.0,0.0,0.0,0.0,0.0,0.0,0.0
RM,MACUL,0.0,0.0,0.0,0.0,0.0,0.0,0.0,0.0,0.0,0.0,0.0,0.0,0.0,0.0,0.0,0.0,0.0
RM,PENALOLEN,1.0,0.0,0.0,0.0,0.0,0.1,0.0,0.1,0.0,0.3,0.4,0.7,0.80,0.00,0.00,0.00,0.80
RM,LAREINA,3.0,0.0,0.0,0.0,0.0,0.0,1.0,1.0,0.51,1.5,1.9,3.91,4.91,0.00,0.00,0.00,4.91
RM,PROVIDENCIA,0.0,0.0,0.0,0.0,0.0,0.0,0.0,0.0,0.0,0.0,0.0,0.0,0.0,0.0,0.0,0.0,0.0
RM,ÑUÑOA,0.0,0.0,0.0,0.0,0.0,0.0,0.0,0.0,0.0,0.0,0.0,0.0,0.0,0.0,0.0,0.0,0.0
RM,LASCONDES,4.0,0.0,0.0,0.0,0.0,0.0,3.4,3.4,1.0,4.05,9.65,14.7,18.1,0,0,0,18.1
RM,VITACURA,1.0,0.0,0.0,0.0,0.0,0.0,0.0,0.0,0.2,0.3,0.5,1.0,1.00,0.00,0.00,0.00,1.00
RM,LOBARNECHEA,2.0,0.0,0.0,0.0,0.0,0.0,0.0,0.0,6.0,7.0,31.0,44.0,44,0,0,0,44
RM,SANMIGUEL,0.0,0.0,0.0,0.0,0.0,0.0,0.0,0.0,0.0,0.0,0.0,0.0,0.0,0.0,0.0,0.0,0.0
RM,LACISTERNA,0.0,0.0,0.0,0.0,0.0,0.0,0.0,0.0,0.0,0.0,0.0,0.0,0.0,0.0,0.0,0.0,0.0
RM,SANJOAQUIN,0.0,0.0,0.0,0.0,0.0,0.0,0.0,0.0,0.0,0.0,0.0,0.0,0.0,0.0,0.0,0.0,0.0
RM,SANRAMON,0.0,0.0,0.0,0.0,0.0,0.0,0.0,0.0,0.0,0.0,0.0,0.0,0.0,0.0,0.0,0.0,0.0
